<?xml version="1.0" encoding="UTF-8"?>
<configuration debug="false">
  <property resource="application.properties" />
  <property name="LOGPATH" value="${logging.path}" />
  <property name="LOGFILENAME" value="${logging.file}" />
  <appender name="ROLLING" class="ch.qos.logback.core.rolling.RollingFileAppender">
    <rollingPolicy class="ch.qos.logback.core.rolling.SizeAndTimeBasedRollingPolicy">
      <fileNamePattern>${LOGPATH}/${LOGFILENAME}_${logging.pattern.dateformat}-%i.log
      </fileNamePattern>
      <maxFileSize>${logging.file.max-size}</maxFileSize>
      <maxHistory>${logging.file.max-history}</maxHistory>
    </rollingPolicy>
    <encoder>
      <pattern>${logging.pattern.file}</pattern>
    </encoder>
  </appender>
  <appender name="STDOUT" class="ch.qos.logback.core.ConsoleAppender">
    <encoder>
      <pattern>${logging.pattern.console}</pattern>
    </encoder>
  </appender>
  <root level="${logging.pattern.level}">
    <appender-ref ref="ROLLING" />
    <appender-ref ref="STDOUT" />
  </root>
</configuration>